{
	//uview组件库
	"easycom": {
		"autoscan": true,
		"^u-(.*)": "@/node_modules/uview-ui/components/u-$1/u-$1.vue"
	},
	"globalStyle": {
		"navigationBarTextStyle": "black",
		"navigationBarTitleText": "Bitwin",
		"navigationBarBackgroundColor": "#F8F8F8",
		"backgroundColor": "#F8F8F8"
	},
	"uniIdRouter": {},
	"tabBar": {
		"backgroundColor": "#FFFFFF",
		"selectedColor": "#6D41FF",
		"color": "#999999",
		"fontSize": "12px",

		"list": [{
			"pagePath": "pages/home/index",
			"text": "",
			"iconPath": "static/tarbar0.png",
			"selectedIconPath": "static/tarbar0_act.png"
		}, {
			"pagePath": "pages/market/index",
			"text": "",
			"iconPath": "static/tarbar1.png",
			"selectedIconPath": "static/tarbar1_act.png"
		}, {
			"pagePath": "pages/coin/index",
			"text": "",
			"iconPath": "static/tarbar2.png",
			"selectedIconPath": "static/tarbar2_act.png"
		}, {
			"pagePath": "pages/contract/index",
			"text": "",
			"iconPath": "static/tarbar3.png",
			"selectedIconPath": "static/tarbar3_act.png"
		},{
			"pagePath": "pages/assets/index",
			"text": "",
			"iconPath": "static/tarbar4.png",
			"selectedIconPath": "static/tarbar4_act.png"
		}]
	},

	"pages": [ //pages数组中第一项表示应用启动页，参考：https://uniapp.dcloud.io/collocation/pages
		{
			"path": "pages/launch/index", // 自定义启动页
			"style": {
				"enablePullDownRefresh": false,
				"navigationStyle": "custom"
			}
		},
		{
			"path": "pages/account/access", // 登入、注册
			"style": {
				"enablePullDownRefresh": false,
				"navigationStyle": "custom"
			}
		}, {
			"path": "pages/home/index",
			"style": {
				"enablePullDownRefresh": false, // 是否开启下拉刷新
				"navigationStyle": "custom" // 隐藏系统导航栏
				// 单页导航栏设置,"default"默认显示 "custom"关闭状态
				// "navigationStyle": "custom", // 设置不显示原生导航栏 隐藏系统导航栏
				// "navigationBarTextStyle": "white" // 状态栏字体为白色，只能为 white-白色，black-黑色 二选一
			}
		}, {
			"path": "pages/coin/index", // coin trade
			"style": {
				"enablePullDownRefresh": false,
				"navigationStyle": "custom"
			}
		}, {
			"path": "pages/coin/detail", // coin trade detail
			"style": {
				"enablePullDownRefresh": false,
				"navigationStyle": "custom"
			}
		}, {
			"path": "pages/coin/record", // coin trade record
			"style": {
				"enablePullDownRefresh": false,
				"navigationStyle": "custom"
			}
		},

		{
			"path": "pages/contract/index", // contract
			"style": {
				"enablePullDownRefresh": false,
				"navigationStyle": "custom"
			}
		}, {
			"path": "pages/contract/detail", // contract detail
			"style": {
				"enablePullDownRefresh": true,
				"navigationStyle": "custom"
			}
		}, {
			"path": "pages/contract/record", // contract record
			"style": {
				"enablePullDownRefresh": false,
				"navigationStyle": "custom"
			}
		},
		
		
		{
			"path": "pages/qiquan/index", // contract
			"style": {
				"enablePullDownRefresh": false,
				"navigationStyle": "custom"
			}
		}, {
			"path": "pages/qiquan/detail", // contract detail
			"style": {
				"enablePullDownRefresh": true,
				"navigationStyle": "custom"
			}
		}, {
			"path": "pages/qiquan/record", // contract record
			"style": {
				"enablePullDownRefresh": false,
				"navigationStyle": "custom"
			}
		},{
			"path": "pages/qiquan/jishi", // contract record
			"style": {
				"enablePullDownRefresh": false,
				"navigationStyle": "custom"
			}
		},
		
		
		
		{
			"path": "pages/address/index", // address
			"style": {
				"enablePullDownRefresh": false,
				"navigationStyle": "custom"
			}
		}, {
			"path": "pages/address/add", // address
			"style": {
				"enablePullDownRefresh": false,
				"navigationStyle": "custom"
			}
		},
		{
			"path": "pages/search/index", // 查询
			"style": {
				"enablePullDownRefresh": true,
				"navigationStyle": "custom"
			}
		}, {
			"path": "pages/notify/index", // 公告
			"style": {
				"enablePullDownRefresh": false,
				"navigationStyle": "custom"
			}
		}, {
			"path": "pages/notify/detail", // 公告 詳情
			"style": {
				"enablePullDownRefresh": false,
				"navigationStyle": "custom"
			}
		},
		{
			"path": "pages/about", // 关于
			"style": {
				"enablePullDownRefresh": false,
				"navigationStyle": "custom"
			}
		}, {
			"path": "pages/pact", // 用户隐私协议
			"style": {
				"enablePullDownRefresh": false,
				"navigationStyle": "custom"
			}
		}, {
			"path": "pages/share", // 分享
			"style": {
				"enablePullDownRefresh": false,
				"navigationStyle": "custom"
			}
		},{
			"path": "pages/yulan", // 分享
			"style": {
				"enablePullDownRefresh": false,
				"navigationStyle": "custom"
			}
		}, {
			"path": "pages/qa", // 常见问题
			"style": {
				"enablePullDownRefresh": false,
				"navigationStyle": "custom"
			}
		}, {
			"path": "pages/service", // 客服
			"style": {
				"enablePullDownRefresh": false,
				"app-plus": {
					"navigationBarBackgroundColor": "#121212",
					"navigationBarTextStyle": "white"
				}
			}
		}, {
			"path": "pages/account/password", // 变更登入密码、变更支付密码
			"style": {
				"enablePullDownRefresh": false,
				"navigationStyle": "custom"
			}
		}, {
			"path": "pages/account/auth", // 实名认证
			"style": {
				"enablePullDownRefresh": false,
				"navigationStyle": "custom"
			}
		},
		{
			"path": "pages/account/flow", // 账户交易记录
			"style": {
				"enablePullDownRefresh": false,
				"navigationStyle": "custom"
			}
		}, {
			"path": "pages/deposit/index", // deposit
			"style": {
				"enablePullDownRefresh": false,
				"navigationStyle": "custom"
			}
		}, {
			"path": "pages/deposit/record", // deposit record
			"style": {
				"enablePullDownRefresh": true,
				"navigationStyle": "custom"
			}
		}, {
			"path": "pages/withdraw/index", // withdraw
			"style": {
				"enablePullDownRefresh": false,
				"navigationStyle": "custom"
			}
		}, {
			"path": "pages/withdraw/record", // withdraw record
			"style": {
				"enablePullDownRefresh": true,
				"navigationStyle": "custom"
			}
		},
		{
			"path": "pages/transfer/index", // Transfer
			"style": {
				"enablePullDownRefresh": false,
				"navigationStyle": "custom"
			}
		}, {
			"path": "pages/transfer/record", // transfer record
			"style": {
				"enablePullDownRefresh": true,
				"navigationStyle": "custom"
			}
		}, {
			"path": "pages/borrow/index", // borrow
			"style": {
				"enablePullDownRefresh": true,
				"navigationStyle": "custom"
			}
		}, {
			"path": "pages/borrow/record", // borrow record
			"style": {
				"enablePullDownRefresh": true,
				"navigationStyle": "custom"
			}
		},
		{
			"path": "pages/assets/index", // Assets
			"style": {
				"enablePullDownRefresh": true,
				"navigationStyle": "custom"
			}
		}, {
			"path": "pages/assets/record", // Assets record
			"style": {
				"enablePullDownRefresh": false,
				"navigationStyle": "custom"
			}
		}, {
			"path": "pages/assets/contract", // Assets contract
			"style": {
				"enablePullDownRefresh": false,
				"navigationStyle": "custom"
			}
		},

		// {
		// 	"path": "pages/account/center", // 个人中心
		// 	"style": {
		// 		"enablePullDownRefresh": true,
		// 		"navigationStyle": "custom"
		// 	}
		// },
		{
			"path": "pages/market/index", // 股票及虚拟币市场
			"style": {
				"enablePullDownRefresh": true,
				"navigationStyle": "custom"
			}
		},
		{
			"path": "pages/trade/ipo/index", // ipo
			"style": {
				"enablePullDownRefresh": false,
				"navigationStyle": "custom"
			}
		}, {
			"path": "pages/trade/ipo/detail", // ipo
			"style": {
				"enablePullDownRefresh": true,
				"navigationStyle": "custom"
			}
		}, {
			"path": "pages/trade/ipo/record", // ipo 记录
			"style": {
				"enablePullDownRefresh": true,
				"navigationStyle": "custom"
			}
		}
		// {
		// 	"path": "pages/account/bankCard", // 银行卡 绑定，解绑
		// 	"style": {
		// 		"enablePullDownRefresh": false,
		// 		"navigationStyle": "custom"
		// 	}
		// }, 
		// {
		// 	"path": "pages/account/avatar", // 变更头像
		// 	"style": {
		// 		"enablePullDownRefresh": false,
		// 		"navigationStyle": "custom"
		// 	}
		// },
		// {
		// 	"path": "pages/market/overview", // 市场概况
		// 	"style": {
		// 		"enablePullDownRefresh": true,
		// 		"navigationStyle": "custom"
		// 	}
		// },
		// {
		// 	"path": "pages/stock/overview", // 单股概况
		// 	"style": {
		// 		"enablePullDownRefresh": false,
		// 		"navigationStyle": "custom"
		// 	}
		// }, {
		// 	"path": "pages/stock/buy", // 单股买入
		// 	"style": {
		// 		"enablePullDownRefresh": false,
		// 		"navigationStyle": "custom"
		// 	}
		// }
		// {
		// 	"path": "pages/trade/day/index", // 日内交易
		// 	"style": {
		// 		"enablePullDownRefresh": false,
		// 		"navigationStyle": "custom"
		// 	}
		// }, {
		// 	"path": "pages/trade/vip/index", // VIP抢筹
		// 	"style": {
		// 		"enablePullDownRefresh": false,
		// 		"navigationStyle": "custom"
		// 	}
		// },
		// {
		// 	"path": "pages/trade/ea/index", // EA 交易
		// 	"style": {
		// 		"enablePullDownRefresh": false,
		// 		"navigationStyle": "custom"
		// 	}
		// }, 
		// {
		// 	"path": "pages/trade/issuance/index", // 新股配售
		// 	"style": {
		// 		"enablePullDownRefresh": false,
		// 		"navigationStyle": "custom"
		// 	}
		// }, {
		// 	"path": "pages/trade/ipo/index", // ipo交易
		// 	"style": {
		// 		"enablePullDownRefresh": false,
		// 		"navigationStyle": "custom"
		// 	}
		// }, {
		// 	"path": "pages/trade/large/index", // 大宗交易
		// 	"style": {
		// 		"enablePullDownRefresh": false,
		// 		"navigationStyle": "custom"
		// 	}
		// }
	],

	"condition": {
		//模式配置，仅开发期间生效
		"current": 0, //当前激活的模式(list 的索引项)
		"list": [{
			"name": "", //模式이름
			"path": "", //启动页面，必选
			"query": "" //启动参数，在页面的onLoad函数里面得到
		}]
	}
}