{
	//uview组件库
	"easycom": {
		"autoscan": true,
		"^u-(.*)": "@/node_modules/uview-ui/components/u-$1/u-$1.vue"
	},
	"globalStyle": {
		"navigationBarTextStyle": "black",
		"navigationBarTitleText": "SBVA",
		"navigationBarBackgroundColor": "#F8F8F8",
		"backgroundColor": "#F8F8F8"
	},
	"uniIdRouter": {},
	"tabBar": {
		"backgroundColor": "#FFFFFF",
		"selectedColor": "#F5B71C",
		"color": "#999999",
		"fontSize": "12px",

		"list": [{
			"pagePath": "pages/home",
			"text": "",
			"iconPath": "static/home.png",
			"selectedIconPath": "static/home_active.png"
		}, {
			"pagePath": "pages/stock/follow",
			"text": "",
			"iconPath": "static/follow.png",
			"selectedIconPath": "static/follow_active.png"
		}, {
			"pagePath": "pages/market/overview",
			"text": "",
			"iconPath": "static/market.png",
			"selectedIconPath": "static/market_active.png"
		}, {
			"pagePath": "pages/account/trade",
			"text": "",
			"iconPath": "static/trade.png",
			"selectedIconPath": "static/trade_active.png"
		}, {
			"pagePath": "pages/account/center",
			"text": "",
			"iconPath": "static/account_center.png",
			"selectedIconPath": "static/account_center_active.png"
		}]
	},

	"pages": [ //pages数组中第一项表示应用启动页，参考：https://uniapp.dcloud.io/collocation/pages
		{
			"path": "pages/launch", // 自定义启动页
			"style": {
				"enablePullDownRefresh": false,
				"navigationStyle": "custom"
			}
		},
		{
			"path": "pages/account/access", // 登入、注册
			"style": {
				"enablePullDownRefresh": false,
				"navigationStyle": "custom"
			}
		}, {
			"path": "pages/home",
			"style": {
				"enablePullDownRefresh": false, // 是否开启下拉刷新
				"navigationStyle": "custom" // 隐藏系统导航栏
				// 单页导航栏设置,"default"默认显示 "custom"关闭状态
				// "navigationStyle": "custom", // 设置不显示原生导航栏 隐藏系统导航栏
				// "navigationBarTextStyle": "white" // 状态栏字体为白色，只能为 white-白色，black-黑色 二选一
			}
		}, {
			"path": "pages/search", // 查询
			"style": {
				"enablePullDownRefresh": false,
				"navigationStyle": "custom"
			}
		}, {
			"path": "pages/notification", // 通知
			"style": {
				"enablePullDownRefresh": false,
				"navigationStyle": "custom"
			}
		},
		// {
		// 	"path": "pages/about", // 关于
		// 	"style": {
		// 		"enablePullDownRefresh": false,
		// 		"navigationStyle": "custom"
		// 	}
		// }, 
		{
			"path": "pages/service", // 客服
			"style": {
				"enablePullDownRefresh": false,
				"app-plus": {
					"navigationBarBackgroundColor": "#007AFF",
					"navigationBarTextStyle": "white"
				}
			}
		}, {
			"path": "pages/servicePush", // 客服
			"style": {
				"enablePullDownRefresh": false,
				"app-plus": {
					"navigationBarBackgroundColor": "#007AFF",
					"navigationBarTextStyle": "white"
				}
			}
		}, {
			"path": "pages/account/pwd", // 登入密码
			"style": {
				"enablePullDownRefresh": false,
				"navigationStyle": "custom"
			}
		}, {
			"path": "pages/account/pwdPay", // 支付密码
			"style": {
				"enablePullDownRefresh": false,
				"navigationStyle": "custom"
			}
		}, {
			"path": "pages/account/bankCard", // 银行卡 绑定，解绑
			"style": {
				"enablePullDownRefresh": false,
				"navigationStyle": "custom"
			}
		}, {
			"path": "pages/account/trade", // 个人交易
			"style": {
				"enablePullDownRefresh": true,
				"navigationStyle": "custom"
			}
		}, {
			"path": "pages/account/tradeLog", // 账户交易记录
			"style": {
				"enablePullDownRefresh": false,
				"navigationStyle": "custom"
			}
		}, {
			"path": "pages/account/auth", // 认证
			"style": {
				"enablePullDownRefresh": false,
				"navigationStyle": "custom"
			}
		}, {
			"path": "pages/account/deposit", // 存款
			"style": {
				"enablePullDownRefresh": false,
				"navigationStyle": "custom"
			}
		},
		{
			"path": "pages/account/withdraw", // 提款
			"style": {
				"enablePullDownRefresh": false,
				"navigationStyle": "custom"
			}
		}, {
			"path": "pages/account/center", // 个人中心
			"style": {
				"enablePullDownRefresh": true,
				"navigationStyle": "custom"
			}
		}, {
			"path": "pages/account/avatar", // 变更头像
			"style": {
				"enablePullDownRefresh": true,
				"navigationStyle": "custom"
			}
		}, {
			"path": "pages/account/pact", // 用户隐私协议
			"style": {
				"enablePullDownRefresh": true,
				"navigationStyle": "custom"
			}
		},

		{
			"path": "pages/stock/all", // 全部股票
			"style": {
				"enablePullDownRefresh": false,
				"navigationStyle": "custom"
			}
		}, {
			"path": "pages/stock/follow", // 关注
			"style": {
				"enablePullDownRefresh": true,
				"navigationStyle": "custom"
			}
		}, {
			"path": "pages/stock/overview", // 单股概况
			"style": {
				"enablePullDownRefresh": false,
				"navigationStyle": "custom"
			}
		}, {
			"path": "pages/stock/buy", // 买入
			"style": {
				"enablePullDownRefresh": false,
				"navigationStyle": "custom"
			}
		}, {
			"path": "pages/market/overview", // 市场概况
			"style": {
				"enablePullDownRefresh": true,
				"navigationStyle": "custom"
			}
		},
		{
			"path": "pages/trade/day", // 日内交易
			"style": {
				"enablePullDownRefresh": true,
				"navigationStyle": "custom"
			}
		}, {
			"path": "pages/trade/large", // 大宗交易
			"style": {
				"enablePullDownRefresh": true,
				"navigationStyle": "custom"
			}
		}, {
			"path": "pages/trade/discount", // 折扣交易
			"style": {
				"enablePullDownRefresh": true,
				"navigationStyle": "custom"
			}
		}, {
			"path": "pages/trade/ipo", // ipo交易
			"style": {
				"enablePullDownRefresh": true,
				"navigationStyle": "custom"
			}
		}, {
			"path": "pages/trade/equity", // 股权交易
			"style": {
				"enablePullDownRefresh": true,
				"navigationStyle": "custom"
			}
		}
	],

	"condition": {
		//模式配置，仅开发期间生效
		"current": 0, //当前激活的模式(list 的索引项)
		"list": [{
			"name": "", //模式이름
			"path": "", //启动页面，必选
			"query": "" //启动参数，在页面的onLoad函数里面得到
		}]
	}
}