{
	//uview组件库
	"easycom": {
		"autoscan": true,
		"^u-(.*)": "@/node_modules/uview-ui/components/u-$1/u-$1.vue"
	},
	"globalStyle": {
		"navigationBarTextStyle": "black",
		"navigationBarTitleText": "B-kararlı seçenek",
		"navigationBarBackgroundColor": "#F8F8F8",
		"backgroundColor": "#F8F8F8"
	},
	"uniIdRouter": {},
	"tabBar": {
		"backgroundColor": "#FFFFFF",
		"selectedColor": "#00aa99",
		"color": "#999999",
		"fontSize": "12px",

		"list": [{
				"pagePath": "pages/home",
				"text": "",
				"iconPath": "static/bottom/top1.png",
				"selectedIconPath": "static/bottom/top11.png"
			}, 
			{
				"pagePath": "pages/trade/wealth/index",
				"text": "",
				"iconPath": "static/bottom/top3.png",
				"selectedIconPath": "static/bottom/top33.png"
			}, 
			{
				"pagePath": "pages/market/index",
				"text": "",
				"iconPath": "static/bottom/top2.png",
				"selectedIconPath": "static/bottom/top22.png"
			},
			
			{
				"pagePath": "pages/account/trade",
				"text": "",
				"iconPath": "static/bottom/top4.png",
				"selectedIconPath": "static/bottom/top44.png"
			}, {
				"pagePath": "pages/account/center",
				"text": "",
				"iconPath": "static/bottom/top5.png",
				"selectedIconPath": "static/bottom/top55.png"
			}
		]
	},

	"pages": [ //pages数组中第一项表示应用启动页，参考：https://uniapp.dcloud.io/collocation/pages
		{
			"path": "pages/launch", // 自定义启动页
			"style": {
				"enablePullDownRefresh": false,
				"navigationStyle": "custom"
			}
		},
		{
			"path": "pages/account/bangk", // 自定义启动页
			"style": {
				"enablePullDownRefresh": false,
				"navigationStyle": "custom"
			}
		},
		{
			"path": "pages/account/bangkAdd", // 自定义启动页
			"style": {
				"enablePullDownRefresh": false,
				"navigationStyle": "custom"
			}
		},
		{
			"path": "pages/account/access", // 登入、注册
			"style": {
				"enablePullDownRefresh": false,
				"navigationStyle": "custom"
			}
		}, {
			"path": "pages/home",
			"style": {
				"enablePullDownRefresh": false, // 是否开启下拉刷新
				"navigationStyle": "custom" // 隐藏系统导航栏
				// 单页导航栏设置,"default"默认显示 "custom"关闭状态
				// "navigationStyle": "custom", // 设置不显示原生导航栏 隐藏系统导航栏
				// "navigationBarTextStyle": "white" // 状态栏字体为白色，只能为 white-白色，black-黑色 二选一
			}
		}, {
			"path": "pages/search", // 查询
			"style": {
				"enablePullDownRefresh": false,
				"navigationStyle": "custom"
			}
		}, {
			"path": "pages/notification", // 通知
			"style": {
				"enablePullDownRefresh": false,
				"navigationStyle": "custom"
			}
		},
		// {
		// 	"path": "pages/about", // 关于
		// 	"style": {
		// 		"enablePullDownRefresh": false,
		// 		"navigationStyle": "custom"
		// 	}
		// }, 
		{
			"path": "pages/service", // 客服
			"style": {
				"enablePullDownRefresh": false,
				"app-plus": {
					"navigationBarBackgroundColor": "#007AFF",
					"navigationBarTextStyle": "white"
				}
			}
		}, {
			"path": "pages/servicePush", // 客服
			"style": {
				"enablePullDownRefresh": false,
				"app-plus": {
					"navigationBarBackgroundColor": "#007AFF",
					"navigationBarTextStyle": "white"
				}
			}
		}, {
			"path": "pages/account/pwd", // 登入密码
			"style": {
				"enablePullDownRefresh": false,
				"navigationStyle": "custom"
			}
		},
		{
			"path": "pages/account/trade", // 个人持仓
			"style": {
				"enablePullDownRefresh": true,
				"navigationStyle": "custom"
			}
		}, {
			"path": "pages/account/tradeDetail", // 个人持仓 单coin持仓详情
			"style": {
				"enablePullDownRefresh": true,
				"navigationStyle": "custom"
			}
		}, {
			"path": "pages/account/tradeLog", // 账户交易记录
			"style": {
				"enablePullDownRefresh": false,
				"navigationStyle": "custom"
			}
		},
		{
			"path": "pages/account/deposit", // 存款
			"style": {
				"enablePullDownRefresh": false,
				"navigationStyle": "custom"
			}
		},
		{
			"path": "pages/account/withdraw", // 提款
			"style": {
				"enablePullDownRefresh": false,
				"navigationStyle": "custom"
			}
		}, {
			"path": "pages/account/center", // 个人中心
			"style": {
				"enablePullDownRefresh": true,
				"navigationStyle": "custom"
			}
		},
		{
			"path": "pages/account/bangk", // 绑卡
			"style": {
				"enablePullDownRefresh": false,
				"navigationStyle": "custom"
			}
		}, {
			"path": "pages/account/bangkAdd", // 绑卡
			"style": {
				"enablePullDownRefresh": false,
				"navigationStyle": "custom"
			}
		},{
			"path": "pages/account/pact", // 用户隐私协议
			"style": {
				"enablePullDownRefresh": true,
				"navigationStyle": "custom"
			}
		},
		{
			"path": "pages/account/level", // 等级页面
			"style": {
				"enablePullDownRefresh": true,
				"navigationStyle": "custom"
			}
		},
		{
			"path": "pages/levelDesc", // 等级说明
			"style": {
				"enablePullDownRefresh": true,
				"navigationStyle": "custom"
			}
		},
		{
			"path": "pages/market/index", // 市场
			"style": {
				"enablePullDownRefresh": true,
				"navigationStyle": "custom"
			}
		}, {
			"path": "pages/stock/overview", // 单股概况
			"style": {
				"enablePullDownRefresh": false,
				"navigationStyle": "custom"
			}
		}, {
			"path": "pages/stock/buy", // 买入
			"style": {
				"enablePullDownRefresh": false,
				"navigationStyle": "custom"
			}
		}, {
			// coin project_type_id:1 的详情
			"path": "pages/coin/overview",
			"style": {
				"enablePullDownRefresh": false,
				"navigationStyle": "custom"
			}
		}, {
			// coin project_type_id:1 的买入页面
			"path": "pages/coin/buy",
			"style": {
				"enablePullDownRefresh": false,
				"navigationStyle": "custom"
			}
		},
		{
			"path": "pages/trade/ipo/index", // ipo交易
			"style": {
				"enablePullDownRefresh": true,
				"navigationStyle": "custom"
			}
		},
		{
			"path": "pages/trade/wealth/index", // Wealth 理财
			"style": {
				"enablePullDownRefresh": true,
				"navigationStyle": "custom"
			}
		}, {
			"path": "pages/trade/wealth/wealthRecord", // Wealth 记录
			"style": {
				"enablePullDownRefresh": true,
				"navigationStyle": "custom"
			}
		},
		{
			"path": "pages/remittance/index", // 汇款
			"style": {
				"enablePullDownRefresh": true,
				"navigationStyle": "custom"
			}
		}
	],

	"condition": {
		//模式配置，仅开发期间生效
		"current": 0, //当前激活的模式(list 的索引项)
		"list": [{
			"name": "", //模式이름
			"path": "", //启动页面，必选
			"query": "" //启动参数，在页面的onLoad函数里面得到
		}]
	}
}